timestamp,carbon_intensity,coal,gas,nuclear,solar,unknown,wind,hydro
2026-05-21T00:00:00,495.1806889401527,21758.559999999998,100044.87,11557.81,0.16,150.2,20284.11,0.0
2026-05-21T00:15:00,493.36891366813126,21654.77,97967.01,11553.369999999999,0.16,150.0,20650.5,0.0
2026-05-21T00:30:00,491.6114956606987,21647.760000000002,96208.8,11555.76,0.16,150.4,21118.64,0.0
2026-05-21T00:45:00,489.5216184681729,21604.68,95178.38,11554.06,0.15000000000000002,150.0,21672.14,0.0
2026-05-21T01:00:00,491.2666044458968,21614.55,93307.26,11556.58,0.33,150.0,21055.809999999998,0.0
2026-05-21T01:15:00,493.25806627540516,21660.55,92880.89,11555.71,3.45,150.1,20486.96,0.0
2026-05-21T01:30:00,496.9464640276258,21754.52,92190.43,11554.16,0.15000000000000002,149.7,19476.46,0.0
2026-05-21T01:45:00,497.786724096097,21858.85,91755.38,11556.92,0.17,150.1,19328.59,16.0
2026-05-21T02:00:00,495.04799786460495,21839.09,91377.38,11555.75,0.16999999999999998,150.0,20077.7,49.0
2026-05-21T02:15:00,492.3615658451567,21677.06,90965.70999999999,11558.05,0.16,150.5,20653.88,50.0
2026-05-21T02:30:00,490.6105891776445,21190.739999999998,90693.08,11558.17,0.22,150.1,20529.29,51.0
2026-05-21T02:45:00,492.8241625842693,20908.2,90523.53,11555.51,0.21000000000000002,150.2,19505.88,38.0
2026-05-21T03:00:00,497.4738111855454,20910.32,91648.73,11552.17,3.1999999999999997,150.0,18216.35,0.0
2026-05-21T03:15:00,494.9951930597563,20918.85,92208.47,11556.78,0.22999999999999998,150.0,18976.87,0.0
2026-05-21T03:30:00,491.62604459814685,20919.48,91711.16,11561.27,0.14,150.0,19958.67,0.0
2026-05-21T03:45:00,490.84816838138494,20649.370000000003,92095.99,11561.46,0.16999999999999998,150.4,19853.75,0.0
2026-05-21T04:00:00,494.37061001439594,20659.96,92238.67,11563.26,0.18,150.4,18820.27,0.0
2026-05-21T04:15:00,499.59917009257293,20611.879999999997,92649.49,11561.48,0.18,149.8,17235.75,0.0
2026-05-21T04:30:00,494.2000596481451,20617.78,92628.28,11560.470000000001,0.19,150.2,18834.24,0.0
2026-05-21T04:45:00,491.1249303660481,20591.44,92019.6,11559.76,0.16999999999999998,150.4,19693.17,0.0
2026-05-21T05:00:00,491.7855687041979,20512.59,91875.34,11559.41,0.19,150.2,19385.79,0.0
2026-05-21T05:15:00,491.2916120962232,20593.87,91815.77,11560.18,0.33,150.1,19636.07,0.0
2026-05-21T05:30:00,493.4263904711176,20688.11,92878.85,11559.02,0.2,150.2,19166.079999999998,0.0
2026-05-21T05:45:00,500.85952466365626,20660.83,94797.88,11560.08,0.27,150.2,16983.41,0.0
2026-05-21T06:00:00,502.9898069346121,20656.67,95557.97,11546.89,0.36,150.0,16381.42,0.0
2026-05-21T06:15:00,504.07838069686903,20694.42,96130.26000000001,11544.75,31.61,150.1,16091.41,0.0
2026-05-21T06:30:00,504.0322125164318,20761.68,96901.32,11547.59,189.0,160.9,16051.75,0.0
2026-05-21T06:45:00,505.4335104732193,20872.25,97158.06,11546.06,556.76,157.0,15423.57,0.0
2026-05-21T07:00:00,507.720868148145,20840.2,97244.89,11543.630000000001,1361.25,151.6,13933.14,0.0
2026-05-21T07:15:00,506.2740251867549,20860.65,97225.97,11546.369999999999,2315.48,165.9,13459.02,0.0
2026-05-21T07:30:00,500.65936499859055,20829.08,97154.68,11546.69,3672.77,151.5,13765.16,0.0
2026-05-21T07:45:00,495.58949746464896,20766.13,96897.31,11551.07,5094.16,151.4,13828.95,0.0
2026-05-21T08:00:00,492.02810918893624,20739.739999999998,96213.76,11547.53,6700.62,151.6,13311.32,0.0
2026-05-21T08:15:00,487.7610984048765,20688.53,96219.13,11545.92,8425.94,152.0,12901.380000000001,0.0
2026-05-21T08:30:00,486.67710944281833,20599.53,96225.8,11548.710000000001,9948.69,152.1,11645.5,0.0
2026-05-21T08:45:00,483.48941732871816,20569.489999999998,96428.69,11550.77,11833.75,171.4,10810.9,0.0
2026-05-21T09:00:00,478.98110001868895,20656.59,96358.28,11548.94,14998.009999999998,206.4,9335.74,0.0
2026-05-21T09:15:00,476.8201350487747,20823.03,96796.06,11548.73,17609.95,235.6,7798.5599999999995,0.0
2026-05-21T09:30:00,469.7500686554008,20911.02,96496.13,11552.1,20121.53,253.8,7854.700000000001,0.0
2026-05-21T09:45:00,460.48942655066736,20871.18,95378.69,11552.8,22618.989999999998,248.3,8481.96,0.0
2026-05-21T10:00:00,453.74364139311723,20620.059999999998,94695.31999999999,11551.11,24158.27,221.89999999999998,8937.0,0.0
2026-05-21T10:15:00,444.6294616628747,20402.16,93921.32,11551.4,26178.07,207.66000000000003,9883.0,0.0
2026-05-21T10:30:00,432.0745533327542,20141.15,91473.11,11550.76,29074.440000000002,186.51,11015.08,0.0
2026-05-21T10:45:00,423.9668856822621,20134.61,89969.93,11548.82,31743.28,151.7,11292.11,0.0
2026-05-21T11:00:00,420.0965556756953,20101.92,91237.97,11549.71,34290.75,151.3,10627.17,0.0
2026-05-21T11:15:00,412.2808399005365,20055.48,89865.84,11550.14,37841.46,151.2,10048.29,0.0
2026-05-21T11:30:00,408.32147015399386,20135.06,88806.8,11552.59,39661.56,151.2,9848.02,0.0
2026-05-21T11:45:00,406.490240529683,20079.98,88590.04,11548.59,40243.520000000004,151.0,9923.33,0.0
2026-05-21T12:00:00,401.89830831271314,20017.46,89067.79,11550.17,42132.38,151.0,10124.81,0.0
2026-05-21T12:15:00,398.49628211511964,19811.09,89364.29000000001,11547.45,42722.270000000004,151.1,10779.5,0.0
2026-05-21T12:30:00,400.203038456244,19920.96,90276.27,11553.57,41823.88,151.0,11340.19,0.0
2026-05-21T12:45:00,397.601920303169,20163.239999999998,91098.18,11548.1,43080.14,150.8,11974.54,41.0
2026-05-21T13:00:00,395.37668380306445,20431.95,91236.72,11548.44,43814.22,150.9,12756.029999999999,138.0
2026-05-21T13:15:00,392.0224160934816,20573.39,91304.61,11546.1,45004.66,151.3,13492.810000000001,137.0
2026-05-21T13:30:00,392.9892693616226,20848.55,91267.4,11546.27,44292.770000000004,151.4,14227.46,139.0
2026-05-21T13:45:00,387.9967404368023,20926.59,90968.72,11546.29,45017.4,150.8,16003.869999999999,137.0
2026-05-21T14:00:00,379.16750965247934,20822.16,89656.18,11541.43,48231.3,150.7,16670.14,135.0
2026-05-21T14:15:00,369.1741469571826,20156.44,88385.05,11544.279999999999,50659.31,151.2,17652.03,135.0
2026-05-21T14:30:00,362.01719137958,19414.68,87188.28,11545.85,51515.11,150.8,18553.9,135.0
2026-05-21T14:45:00,350.705451818616,18460.0,85373.61,11542.92,52795.05,151.2,20559.18,151.0
2026-05-21T15:00:00,336.50155074186,17008.02,83087.09,11546.11,54491.36,151.2,22422.38,174.0
2026-05-21T15:15:00,322.01374157522145,15633.630000000001,79957.79000000001,11547.5,55556.28,151.4,24743.449999999997,175.0
2026-05-21T15:30:00,318.8255565548232,14992.579999999998,79256.44,11549.47,53283.409999999996,151.5,26734.86,180.0
2026-05-21T15:45:00,315.2740436076353,14582.630000000001,78349.34,11555.23,53508.96,151.3,26984.57,209.0
2026-05-21T16:00:00,317.0338887849482,14339.2,77629.14,11560.04,51064.56,151.3,27075.93,276.0
2026-05-21T16:15:00,316.1130382583471,14184.56,77543.55,11559.14,51754.38,151.1,26507.72,273.0
2026-05-21T16:30:00,318.47950200578043,14317.8,77374.88,11558.04,51711.009999999995,150.6,25383.7,279.0
2026-05-21T16:45:00,323.3196177542482,14344.0,79828.22,11558.529999999999,50953.229999999996,149.9,24829.96,308.0
2026-05-21T17:00:00,324.79536619400966,14343.169999999998,79212.06,11558.51,49152.2,149.9,25183.370000000003,454.34000000000003
2026-05-21T17:15:00,338.37286575816273,14973.0,83193.45,11555.7,45647.31,149.7,24597.85,546.13
2026-05-21T17:30:00,353.5537066376384,16163.86,85410.42,11556.62,42502.95,150.2,23278.38,581.28
2026-05-21T17:45:00,365.71407961117774,17430.87,87229.04,11558.07,40640.25,149.8,22391.11,546.51
2026-05-21T18:00:00,374.0977370574715,18692.39,86860.3,11555.31,38047.58,149.6,23184.84,548.38
2026-05-21T18:15:00,384.88850454864996,19738.21,88190.2,11555.81,34732.64,150.1,23714.49,552.59
2026-05-21T18:30:00,397.67395649535615,20671.52,89856.45,11554.59,30153.829999999998,149.9,24442.75,576.39
2026-05-21T18:45:00,411.5002494148342,21291.36,91880.48999999999,11550.45,25256.12,149.4,24641.46,587.46
2026-05-21T19:00:00,419.0382014699575,21081.18,92871.7,11551.960000000001,20334.79,149.2,26010.309999999998,585.1700000000001
2026-05-21T19:15:00,431.3838991121324,21120.47,94689.89,11551.470000000001,15352.900000000001,149.0,26176.97,582.04
2026-05-21T19:30:00,450.426816615018,21443.25,96851.92,11554.69,9435.220000000001,149.8,25340.33,593.3199999999999
2026-05-21T19:45:00,469.5765009693816,21613.09,98738.03,11550.92,4657.16,149.5,23473.59,594.38
2026-05-21T20:00:00,480.97621580261585,21630.300000000003,99696.43,11554.47,1795.46,149.2,22433.42,586.26
2026-05-21T20:15:00,486.11570132402585,21557.81,99874.7,11552.56,435.82,150.0,21954.25,586.25
2026-05-21T20:30:00,487.4346761650333,21599.81,99718.57999999999,11547.17,54.39,150.0,21942.47,589.01
2026-05-21T20:45:00,486.3369752230169,21558.260000000002,99526.69,11551.630000000001,6.1,149.7,22286.18,580.85
2026-05-21T21:00:00,483.3731175370487,21353.190000000002,97904.26,11548.42,3.98,149.6,22896.12,574.75
2026-05-21T21:15:00,481.64515688615234,21085.239999999998,97368.16,11549.23,3.71,149.8,23044.46,593.41
2026-05-21T21:30:00,481.73431790521886,20987.690000000002,96642.2,11551.85,3.79,149.9,22839.12,586.79
2026-05-21T21:45:00,481.58707289916293,20882.190000000002,97092.29000000001,11548.28,3.8899999999999997,149.8,22772.88,590.24
2026-05-21T22:00:00,480.03353102147065,20948.96,98061.97,11546.52,2.86,149.9,23636.67,389.20000000000005
2026-05-21T22:15:00,477.3843717303512,21251.670000000002,98093.01000000001,11548.17,0.42000000000000004,149.7,24935.870000000003,390.47
2026-05-21T22:30:00,474.99452833162894,20963.98,97763.32,11552.4,0.5700000000000001,149.8,25311.86,386.96000000000004
2026-05-21T22:45:00,473.5329638071432,20850.79,96375.49,11551.42,0.42000000000000004,149.6,25532.22,385.82
2026-05-21T23:00:00,472.7389324528197,21084.64,95688.84,11553.41,0.44,149.7,26117.34,333.90999999999997
2026-05-21T23:15:00,470.6147303601809,21111.93,94204.67,11555.369999999999,0.44,149.9,26757.61,310.0
2026-05-21T23:30:00,465.33570427060073,20638.42,91759.26,11556.27,0.49,149.5,27606.6,311.0
2026-05-21T23:45:00,462.2499144833384,20103.43,90487.26000000001,11556.33,0.53,149.4,27724.0,310.0
2026-05-22T00:00:00,455.06524984017693,19463.55,88644.87,11555.05,0.53,149.7,28994.12,272.0
2026-05-22T00:15:00,448.30745232199683,18666.66,87508.26,11557.78,0.66,150.2,29898.54,273.0
2026-05-22T00:30:00,443.19426452321153,17832.93,86317.69,11552.75,0.56,149.5,30156.309999999998,270.0
2026-05-22T00:45:00,436.1911445115936,16839.46,85570.52,11552.24,0.53,149.39999999999998,30829.5,267.0
2026-05-22T01:00:00,431.4002626242788,16286.46,85272.48000000001,11556.74,0.52,149.8,31514.78,267.0
2026-05-22T01:15:00,420.2019423636534,15454.09,84255.95999999999,11556.19,0.55,149.5,33828.47,265.0
2026-05-22T01:30:00,415.85232615037995,15276.2,82114.67,11559.36,0.48,149.9,34563.56,269.0
2026-05-22T01:45:00,416.284144427885,15099.76,81464.8,11556.46,0.5900000000000001,150.1,33954.49,266.0
2026-05-22T02:00:00,415.5045813734819,14980.6,80561.06,11554.43,3.84,150.3,33928.729999999996,137.0
2026-05-22T02:15:00,419.37084234625013,15000.73,80629.09,11550.45,0.5700000000000001,149.8,32647.43,137.0
2026-05-22T02:30:00,419.8991756661201,14991.17,81232.95,11550.45,4.050000000000001,149.8,32581.24,139.0
2026-05-22T02:45:00,417.31203769252375,14934.1,79958.89,11552.63,0.85,149.8,33084.07,135.0
2026-05-22T03:00:00,415.74506323595045,14883.84,78137.73,11548.79,0.75,149.8,33106.130000000005,136.0
2026-05-22T03:15:00,415.7028355598398,14917.69,78348.79,11558.93,0.49,149.4,33221.3,135.0
2026-05-22T03:30:00,418.4337466860398,14813.16,77683.43,11557.51,0.55,149.4,31962.75,134.0
2026-05-22T03:45:00,422.89376842515065,14846.650000000001,77751.94,11556.1,0.5700000000000001,149.6,30561.75,135.0
2026-05-22T04:00:00,431.2009860350984,15029.91,79228.7,11556.39,0.52,149.5,28474.18,133.0
2026-05-22T04:15:00,438.4005298936376,15208.14,82897.33,11560.25,0.51,150.0,27124.809999999998,135.0
2026-05-22T04:30:00,444.5249810954245,15694.560000000001,84241.76000000001,11558.25,0.52,149.9,26163.43,134.0
2026-05-22T04:45:00,449.3673840190063,16104.96,84549.5,11559.66,0.65,149.6,25312.54,134.0
2026-05-22T05:00:00,451.57013979421816,16189.57,83771.96,11560.24,0.68,149.6,24642.99,135.0
2026-05-22T05:15:00,461.36031504536044,16946.17,85520.56,11561.36,0.94,149.6,22987.18,133.0
2026-05-22T05:30:00,463.7428413273151,17787.35,86081.11,11561.21,0.54,149.5,23553.2,131.0
2026-05-22T05:45:00,456.53316813247807,17622.21,84755.02,11563.9,0.53,149.3,25387.06,130.0
2026-05-22T06:00:00,447.4811713621851,16686.3,81999.39,11561.92,0.54,149.7,26428.440000000002,134.0
2026-05-22T06:15:00,443.3842174029441,16306.849999999999,83187.52,11565.61,16.78,149.2,27298.909999999996,133.0
2026-05-22T06:30:00,439.54553232427526,15931.880000000001,83227.69,11562.21,373.04,149.4,27611.65,131.0
2026-05-22T06:45:00,435.7434645304611,15839.95,82944.28,11563.48,1971.15,148.9,27110.45,134.0
2026-05-22T07:00:00,425.3925805892377,15914.23,83303.0,11561.75,6018.24,149.3,26903.09,137.0
2026-05-22T07:15:00,404.65457446778413,15679.85,78580.1,11562.14,12820.439999999999,149.9,26215.85,138.0
2026-05-22T07:30:00,380.6057509160566,15245.07,74028.06,11563.380000000001,21124.59,149.5,25200.82,139.0
2026-05-22T07:45:00,349.9546452189176,14456.49,68488.08,11565.33,32104.82,149.2,23561.63,138.0
2026-05-22T08:00:00,329.54036744712124,13638.34,64963.509999999995,11565.31,40088.18,149.7,21526.04,139.0
2026-05-22T08:15:00,311.2466032524438,12862.09,63859.369999999995,11566.06,48503.57,149.9,19962.129999999997,137.0
2026-05-22T08:30:00,298.8643722000633,12517.83,62659.740000000005,11565.41,54807.72,149.3,18829.57,135.0
2026-05-22T08:45:00,288.3803727475691,12354.279999999999,61537.520000000004,11567.1,60892.32,149.3,17740.91,138.0
2026-05-22T09:00:00,274.6829132883178,12073.59,59238.2,11565.01,67678.3,149.2,16897.23,138.0
2026-05-22T09:15:00,263.86168819507424,12053.279999999999,57317.64,11566.18,73930.3,149.7,16225.98,140.0
2026-05-22T09:30:00,258.0181172446193,11973.99,56447.69,11566.34,77310.69,149.3,15928.77,141.0
2026-05-22T09:45:00,252.42529232744502,11879.75,56224.520000000004,11566.5,80906.15,149.9,15980.439999999999,141.0
2026-05-22T10:00:00,252.67434696285832,11883.6,57163.18,11564.15,82048.73999999999,149.4,15748.45,141.0
2026-05-22T10:15:00,255.98091979855857,11952.380000000001,60481.93,11562.59,83723.19,149.3,15469.05,141.0
2026-05-22T10:30:00,250.99023968094252,12063.4,59608.649999999994,11563.1,87452.15,149.4,15241.369999999999,141.0
2026-05-22T10:45:00,253.80046489965562,12119.58,61504.130000000005,11561.380000000001,87686.97,149.6,15073.720000000001,141.0
2026-05-22T11:00:00,257.29841583001405,12189.65,63565.34,11557.8,88350.73999999999,149.5,14164.16,141.0
2026-05-22T11:15:00,259.30633072861247,12333.439999999999,64617.590000000004,11563.119999999999,89076.73,149.9,13520.11,141.0
2026-05-22T11:30:00,261.14112277412306,12328.21,65974.35,11558.74,89484.38,149.8,13081.55,141.0
2026-05-22T11:45:00,258.6906822108249,12122.82,65608.85,11557.72,91121.13,149.5,12356.25,141.0
2026-05-22T12:00:00,262.62049905803406,12265.710000000001,67135.6,11555.21,90555.98999999999,149.7,11870.27,141.0
2026-05-22T12:15:00,266.61846193637984,12833.16,68700.33,11553.96,91009.8,149.6,11830.23,141.0
2026-05-22T12:30:00,269.3942702941928,12908.33,69486.27,11551.21,89847.78,149.7,11808.18,141.0
2026-05-22T12:45:00,273.85391330385636,13249.46,71216.89,11552.39,89692.84,150.2,11301.81,141.0
2026-05-22T13:00:00,281.1504920573592,13837.439999999999,73132.95,11543.66,88472.35,150.2,10596.68,141.0
2026-05-22T13:15:00,286.1282537833547,14532.240000000002,74892.83,11547.619999999999,88822.04,150.1,10253.35,141.0
2026-05-22T13:30:00,292.64131994059187,15429.84,76523.62,11541.85,88135.53,150.1,10194.11,141.0
2026-05-22T13:45:00,300.8552035921145,16474.57,78326.37,11544.42,86222.76,150.60000000000002,10516.79,186.0
2026-05-22T14:00:00,308.93171194745145,17036.57,80984.8,11543.31,83866.43,150.4,10515.02,268.0
2026-05-22T14:15:00,310.4427381717523,17563.27,82123.98,11540.84,84516.14,150.3,11067.1,268.0
2026-05-22T14:30:00,311.3705558077581,18238.95,82224.9,11535.24,84775.14,150.6,12079.71,269.0
2026-05-22T14:45:00,317.1375282290449,18653.879999999997,83629.36,11532.23,82171.89,150.7,12603.14,270.0
2026-05-22T15:00:00,321.5784994350907,19109.27,85627.69,11532.18,80890.6,150.1,13238.62,272.0
2026-05-22T15:15:00,319.4602918028971,19209.16,85520.58,11531.7,82156.73,150.5,13679.16,270.0
2026-05-22T15:30:00,318.07100896102907,19204.239999999998,86032.6,11530.119999999999,82275.68,150.1,14846.33,267.0
2026-05-22T15:45:00,311.46360823084524,18783.29,85130.97,11527.65,83490.12,150.1,16668.239999999998,264.0
2026-05-22T16:00:00,309.52573353258623,18526.15,84495.02,11526.7,81899.43,150.6,18437.15,272.0
2026-05-22T16:15:00,314.4831317155408,19140.43,86754.32,11523.49,79753.09,150.5,20093.489999999998,267.0
2026-05-22T16:30:00,311.43337955693096,19226.32,86769.09,11524.75,78621.04000000001,150.6,23615.19,267.0
2026-05-22T16:45:00,308.0743326010407,18701.53,86386.48000000001,11524.56,77710.09,150.1,25244.3,285.73
2026-05-22T17:00:00,310.60609166373973,18841.45,86960.1,11520.01,74153.89,150.1,27499.77,323.35
2026-05-22T17:15:00,307.2220311409043,18882.72,86843.53,11520.63,73281.45,150.3,30874.86,318.47
2026-05-22T17:30:00,304.8754983964907,18494.53,85763.22,11520.7,69827.1,150.2,34083.8,321.46000000000004
2026-05-22T17:45:00,306.6834811541225,18222.55,86000.58,11523.619999999999,64767.28,150.3,36963.13,324.72
2026-05-22T18:00:00,310.5474337071346,18582.51,85815.76000000001,11522.119999999999,61804.630000000005,150.3,37821.52,319.2
2026-05-22T18:15:00,313.0831703196911,18568.66,86388.33,11524.73,57390.41,149.9,40547.94,321.39
2026-05-22T18:30:00,322.7029295772387,19040.78,88224.83,11520.42,50511.43,150.0,42822.38,321.32
2026-05-22T18:45:00,342.40541462225025,19760.309999999998,92100.28,11519.5,38897.270000000004,150.1,44951.81,340.91
2026-05-22T19:00:00,363.04616707605754,20647.12,93885.0,11520.6,29593.92,150.2,44334.43,369.28
2026-05-22T19:15:00,380.92726010388066,21049.6,96007.9,11523.369999999999,21615.17,150.1,43860.74,362.8
2026-05-22T19:30:00,391.30519898048334,21318.309999999998,97651.36,11521.35,13727.89,149.8,47178.21,362.75
2026-05-22T19:45:00,403.20067523833444,21416.27,97631.58,11523.84,6534.28,150.1,48421.8,397.31
2026-05-22T20:00:00,410.15037439653287,21276.45,97296.37,11525.33,2556.34,150.1,48605.8,467.52
2026-05-22T20:15:00,415.0824565326634,21293.97,97219.28,11524.04,822.71,149.7,48072.24,461.5
2026-05-22T20:30:00,415.49018542670507,21181.07,96974.95,11526.06,144.77,150.1,48280.29,470.03
2026-05-22T20:45:00,416.5124276174206,21005.87,96534.0,11526.07,36.73,149.8,47534.72,457.44
2026-05-22T21:00:00,418.2626946552877,21045.33,96372.73000000001,11525.43,5.54,149.7,46958.659999999996,328.98
2026-05-22T21:15:00,416.9483767833681,21073.95,95761.42,11527.44,6.37,149.9,47443.55,319.46000000000004
2026-05-22T21:30:00,415.4050540095097,21198.07,95049.29,11524.44,4.96,150.1,48167.65,320.2
2026-05-22T21:45:00,423.9625067331879,21449.36,95840.91,11527.25,3.74,149.8,45105.04,318.96
2026-05-22T22:00:00,425.6294015026372,21370.68,97385.01000000001,11529.81,4.0,150.0,44589.97,319.71000000000004
2026-05-22T22:15:00,425.2464496354799,21378.87,97538.45999999999,11528.67,4.54,150.2,44805.130000000005,313.32
2026-05-22T22:30:00,425.66585089196286,21472.14,97281.23999999999,11529.68,3.51,150.6,44743.04,300.89
2026-05-22T22:45:00,423.2385499691712,21731.55,96587.84,11530.47,3.51,149.9,46119.87,248.82999999999998
2026-05-22T23:00:00,413.4881106318108,21485.05,94018.70999999999,11529.34,3.83,149.5,49337.64,232.0
2026-05-22T23:15:00,400.6487737966863,20289.77,90337.98,11528.14,3.96,150.4,51889.26,231.0
2026-05-22T23:30:00,398.99595065715295,19293.53,89138.2,11530.27,4.31,150.5,50432.14,228.0
2026-05-22T23:45:00,408.2907315506084,19332.5,90025.26999999999,11531.14,4.109999999999999,150.1,46737.37,232.0
2026-05-23T00:00:00,416.1330985138443,19508.53,88812.36,11531.14,3.54,150.4,43596.51,136.0
2026-05-23T00:15:00,426.2809169967461,19941.34,88993.31,11530.35,3.87,150.3,40359.84,137.0
2026-05-23T00:30:00,435.7083759787085,20257.44,90015.15,11531.04,3.75,150.3,37477.34,137.0
2026-05-23T00:45:00,445.35387500893694,20752.98,89994.73000000001,11531.869999999999,4.84,150.3,34702.16,135.0
2026-05-23T01:00:00,452.9285224064226,21316.620000000003,90063.92,11533.19,4.1,150.1,32871.24,133.0
2026-05-23T01:15:00,453.63975628855457,21441.82,89667.9,11532.470000000001,3.5,149.9,32757.22,133.0
2026-05-23T01:30:00,455.8690054323603,21281.15,89079.06,11533.83,3.9699999999999998,150.0,31658.29,136.0
2026-05-23T01:45:00,463.2970666273538,21240.43,89300.66,11535.61,3.87,150.4,29095.559999999998,135.0
2026-05-23T02:00:00,468.05659765190165,21640.1,90008.42,11533.52,3.3200000000000003,150.3,28161.730000000003,134.0
2026-05-23T02:15:00,471.5884734272049,21642.379999999997,90021.68,11537.02,3.55,150.1,27001.010000000002,136.0
2026-05-23T02:30:00,480.0836228614217,21763.989999999998,90211.34,11537.01,3.67,150.1,24452.309999999998,137.0
2026-05-23T02:45:00,490.4705892426132,21856.54,90654.76,11533.8,4.2,150.4,21385.27,139.0
2026-05-23T03:00:00,496.52590906105434,21902.14,90698.82,11535.07,3.81,149.7,19624.21,139.0
2026-05-23T03:15:00,497.34846418699794,21962.42,90149.64,11535.89,3.5199999999999996,149.6,19442.48,137.0
2026-05-23T03:30:00,494.3879144969451,21684.71,89888.63,11536.1,7.5200000000000005,149.5,19948.5,136.0
2026-05-23T03:45:00,484.4570099437574,21135.36,89436.8,11536.67,3.7800000000000002,150.2,22144.46,182.0
2026-05-23T04:00:00,478.85806079100183,20607.489999999998,87625.98,11538.53,2.9099999999999997,149.9,22928.61,273.0
2026-05-23T04:15:00,477.30160016912646,20213.86,86905.45999999999,11538.88,0.37,149.7,22814.989999999998,267.0
2026-05-23T04:30:00,475.6086890991155,19739.55,86253.88,11534.67,0.33999999999999997,150.1,22625.42,266.0
2026-05-23T04:45:00,471.7317382176106,19292.44,86063.96,11534.96,0.32,149.7,23159.63,266.0
2026-05-23T05:00:00,465.0063606398631,19239.58,84552.38,11539.46,0.31,149.6,25003.25,265.0
2026-05-23T05:15:00,457.71230497749076,18804.79,83208.73,11534.79,0.33,150.0,26495.03,264.0
2026-05-23T05:30:00,452.0236273917294,18177.78,82593.51000000001,11538.619999999999,0.44,149.9,27258.120000000003,270.0
2026-05-23T05:45:00,457.800136024762,18039.2,83083.23999999999,11534.85,0.33,150.0,25305.32,272.0
2026-05-23T06:00:00,462.39030462703823,18144.75,83380.97,11535.68,0.32,149.9,24088.95,266.0
2026-05-23T06:15:00,464.1063042218377,18168.1,83423.35,11536.04,1.8,149.3,23605.43,265.0
2026-05-23T06:30:00,459.96729706843445,17528.35,83085.04000000001,11540.49,143.63,149.7,23742.34,267.0
2026-05-23T06:45:00,454.79477453254725,17071.57,83394.95,11537.41,1092.69,149.8,23774.1,266.0
2026-05-23T07:00:00,441.36240567820755,16718.02,81902.72,11537.39,3947.2799999999997,150.0,24497.03,267.0
2026-05-23T07:15:00,421.19742912808505,15994.59,78720.45999999999,11535.32,8785.02,150.1,24719.44,269.0
2026-05-23T07:30:00,400.8134860778594,15425.87,75617.29000000001,11535.73,15269.39,149.5,23880.59,268.0
2026-05-23T07:45:00,372.71541325723143,14843.8,71838.91,11536.880000000001,24244.43,150.3,23638.21,269.0
2026-05-23T08:00:00,354.5814282417573,14277.29,69318.12,11540.14,31478.54,150.2,22027.76,271.0
2026-05-23T08:15:00,333.72261225553837,13620.189999999999,67474.92,11541.1,41272.27,149.8,19679.010000000002,271.0
2026-05-23T08:30:00,315.5754829991197,12774.71,65579.8,11537.86,48970.7,150.4,18046.82,270.0
2026-05-23T08:45:00,306.70047023532106,12507.07,64924.99,11537.45,54428.259999999995,150.3,16375.3,272.0
2026-05-23T09:00:00,307.21406666504544,12590.130000000001,66783.64,11541.87,57437.36,150.1,14878.01,135.0
2026-05-23T09:15:00,304.81612924099835,12673.52,67781.29000000001,11539.55,60212.97,149.8,14531.740000000002,136.0
2026-05-23T09:30:00,297.2139301993248,12694.45,66939.19,11537.85,64634.619999999995,150.2,14186.64,133.0
2026-05-23T09:45:00,295.5619507637303,12905.66,66817.2,11542.5,66786.69,150.0,13651.08,132.0
2026-05-23T10:00:00,291.12243556612447,12943.14,66150.56,11539.09,69081.85,149.8,13791.619999999999,132.0
2026-05-23T10:15:00,291.2675395325871,13033.52,67031.01000000001,11537.28,70936.7,150.2,12906.05,132.0
2026-05-23T10:30:00,294.2531820473782,13110.0,67942.75,11537.619999999999,70423.59,150.1,12464.310000000001,132.0
2026-05-23T10:45:00,288.9101725212766,12916.17,66762.37,11535.119999999999,71299.25,149.8,13483.630000000001,132.0
2026-05-23T11:00:00,280.2198298529372,12580.130000000001,65026.61,11536.69,71791.20999999999,149.5,16169.67,130.0
2026-05-23T11:15:00,271.2393243135377,12149.56,63617.85,11537.970000000001,73968.25,150.0,17510.510000000002,132.0
2026-05-23T11:30:00,266.5895423513046,11842.11,62856.619999999995,11535.74,74980.75,149.7,18051.879999999997,134.0
2026-05-23T11:45:00,262.80094797843935,11494.85,62306.92,11533.880000000001,76886.57,150.0,17228.32,135.0
2026-05-23T12:00:00,266.2035710370085,11720.52,63337.5,11535.06,76060.58,149.6,17436.57,53.0
