Start Time,Original Emission (g),Best Window (6h),Scheduled Emission (6h) (g),Savings (6h) (%),Best Window (12h),Scheduled Emission (12h) (g),Savings (12h) (%),Best Window (24h),Scheduled Emission (24h) (g),Savings (24h) (%)
2026-04-23 00:00:00,350.3954,2026-04-23 05:00:00,286.5895,18.2%,2026-04-23 12:00:00,181.2212,48.3%,2026-04-23 14:45:00,189.3834,46.0%
2026-04-23 00:15:00,344.4945,2026-04-23 05:00:00,286.5895,16.8%,2026-04-23 12:15:00,180.8109,47.5%,2026-04-23 15:00:00,189.5573,45.0%
2026-04-23 00:30:00,335.0636,2026-04-23 06:30:00,303.5384,9.4%,2026-04-23 12:30:00,182.4339,45.6%,2026-04-23 15:30:00,192.7871,42.5%
2026-04-23 00:45:00,320.9189,2026-04-23 06:45:00,277.5619,13.5%,2026-04-23 12:45:00,184.2602,42.6%,2026-04-23 15:15:00,190.8966,40.5%
2026-04-23 01:00:00,315.2325,2026-04-23 07:00:00,254.8514,19.2%,2026-04-23 13:00:00,185.5657,41.1%,2026-04-23 15:00:00,189.5573,39.9%
2026-04-23 01:15:00,314.5587,2026-04-23 07:15:00,244.0301,22.4%,2026-04-23 13:15:00,187.392,40.4%,2026-04-23 15:45:00,192.6425,38.8%
2026-04-23 01:30:00,313.8759,2026-04-23 07:30:00,236.19,24.8%,2026-04-23 13:30:00,189.9242,39.5%,2026-04-23 15:30:00,192.7871,38.6%
2026-04-23 01:45:00,310.3572,2026-04-23 07:45:00,229.4729,26.1%,2026-04-23 13:45:00,190.9404,38.5%,2026-04-23 16:15:00,190.8686,38.5%
2026-04-23 02:00:00,305.9215,2026-04-23 08:00:00,220.878,27.8%,2026-04-23 14:00:00,191.7538,37.3%,2026-04-23 16:15:00,190.8686,37.6%
2026-04-23 02:15:00,303.4794,2026-04-23 08:15:00,217.6065,28.3%,2026-04-23 14:15:00,191.4313,36.9%,2026-04-23 15:15:00,190.8966,37.1%
2026-04-23 02:30:00,301.2673,2026-04-23 08:30:00,215.1943,28.6%,2026-04-23 14:30:00,190.9717,36.6%,2026-04-23 16:00:00,192.4369,36.1%
2026-04-23 02:45:00,297.5884,2026-04-23 08:30:00,215.1943,27.7%,2026-04-23 14:45:00,189.3834,36.4%,2026-04-23 16:00:00,192.4369,35.3%
2026-04-23 03:00:00,295.1065,2026-04-23 09:00:00,207.0954,29.8%,2026-04-23 15:00:00,189.5573,35.8%,2026-04-23 16:15:00,190.8686,35.3%
2026-04-23 03:15:00,296.8246,2026-04-23 09:15:00,205.5719,30.7%,2026-04-23 15:15:00,190.8966,35.7%,2026-04-23 16:45:00,185.1723,37.6%
2026-04-23 03:30:00,298.7319,2026-04-23 09:15:00,205.5719,31.2%,2026-04-23 15:30:00,192.7871,35.5%,2026-04-23 16:30:00,188.6543,36.8%
2026-04-23 03:45:00,296.8194,2026-04-23 09:00:00,207.0954,30.2%,2026-04-23 15:45:00,192.6425,35.1%,2026-04-23 16:15:00,190.8686,35.7%
2026-04-23 04:00:00,291.9098,2026-04-23 09:00:00,207.0954,29.1%,2026-04-23 16:00:00,192.4369,34.1%,2026-04-23 16:15:00,190.8686,34.6%
2026-04-23 04:15:00,286.615,2026-04-23 09:15:00,205.5719,28.3%,2026-04-23 16:15:00,190.8686,33.4%,2026-04-23 16:15:00,190.8686,33.4%
2026-04-23 04:30:00,284.8308,2026-04-23 08:30:00,215.1943,24.4%,2026-04-23 16:30:00,188.6543,33.8%,2026-04-23 16:45:00,185.1723,35.0%
2026-04-23 04:45:00,284.5766,2026-04-23 10:45:00,190.7206,33.0%,2026-04-23 16:30:00,188.6543,33.7%,2026-04-23 16:30:00,188.6543,33.7%
2026-04-23 05:00:00,286.5895,2026-04-23 09:15:00,205.5719,28.3%,2026-04-23 16:00:00,192.4369,32.9%,2026-04-23 16:00:00,192.4369,32.9%
2026-04-23 05:15:00,291.32,2026-04-23 08:45:00,211.1599,27.5%,2026-04-23 16:15:00,190.8686,34.5%,2026-04-23 16:15:00,190.8686,34.5%
2026-04-23 05:30:00,299.0169,2026-04-23 09:30:00,203.0288,32.1%,2026-04-23 16:30:00,188.6543,36.9%,2026-04-23 16:30:00,188.6543,36.9%
2026-04-23 05:45:00,310.2523,2026-04-23 10:00:00,194.5844,37.3%,2026-04-23 16:30:00,188.6543,39.2%,2026-04-23 16:30:00,188.6543,39.2%
2026-04-23 06:00:00,320.4152,2026-04-23 08:30:00,215.1943,32.8%,2026-04-23 16:45:00,185.1723,42.2%,2026-04-23 16:45:00,185.1723,42.2%
2026-04-23 06:15:00,319.2964,2026-04-23 09:15:00,205.5719,35.6%,2026-04-23 15:30:00,192.7871,39.6%,2026-04-23 15:30:00,192.7871,39.6%
2026-04-23 06:30:00,303.5384,2026-04-23 10:30:00,193.3854,36.3%,2026-04-23 15:45:00,192.6425,36.5%,2026-04-23 15:45:00,192.6425,36.5%
2026-04-23 06:45:00,277.5619,2026-04-23 12:45:00,184.2602,33.6%,2026-04-23 16:00:00,192.4369,30.7%,2026-04-23 16:00:00,192.4369,30.7%
2026-04-23 07:00:00,254.8514,2026-04-23 13:00:00,185.5657,27.2%,2026-04-23 15:45:00,192.6425,24.4%,2026-04-23 15:45:00,192.6425,24.4%
2026-04-23 07:15:00,244.0301,2026-04-23 13:15:00,187.392,23.2%,2026-04-23 15:15:00,190.8966,21.8%,2026-04-23 15:15:00,190.8966,21.8%
2026-04-23 07:30:00,236.19,2026-04-23 13:30:00,189.9242,19.6%,2026-04-23 16:45:00,185.1723,21.6%,2026-04-23 16:45:00,185.1723,21.6%
2026-04-23 07:45:00,229.4729,2026-04-23 13:45:00,190.9404,16.8%,2026-04-23 16:45:00,185.1723,19.3%,2026-04-23 16:45:00,185.1723,19.3%
2026-04-23 08:00:00,220.878,2026-04-23 14:00:00,191.7538,13.2%,2026-04-23 16:45:00,185.1723,16.2%,2026-04-23 16:45:00,185.1723,16.2%
2026-04-23 08:15:00,217.6065,2026-04-23 14:15:00,191.4313,12.0%,2026-04-23 16:15:00,190.8686,12.3%,2026-04-23 16:15:00,190.8686,12.3%
2026-04-23 08:30:00,215.1943,2026-04-23 14:30:00,190.9717,11.3%,2026-04-23 15:00:00,189.5573,11.9%,2026-04-23 15:00:00,189.5573,11.9%
2026-04-23 08:45:00,211.1599,2026-04-23 14:45:00,189.3834,10.3%,2026-04-23 17:00:00,185.1495,12.3%,2026-04-23 17:00:00,185.1495,12.3%
2026-04-23 09:00:00,207.0954,2026-04-23 15:00:00,189.5573,8.5%,2026-04-23 15:45:00,192.6425,7.0%,2026-04-23 15:45:00,192.6425,7.0%
2026-04-23 09:15:00,205.5719,2026-04-23 15:15:00,190.8966,7.1%,2026-04-23 15:30:00,192.7871,6.2%,2026-04-23 15:30:00,192.7871,6.2%
2026-04-23 09:30:00,203.0288,2026-04-23 15:30:00,192.7871,5.0%,2026-04-23 16:00:00,192.4369,5.2%,2026-04-23 16:00:00,192.4369,5.2%
2026-04-23 09:45:00,198.7237,2026-04-23 15:00:00,189.5573,4.6%,2026-04-23 15:00:00,189.5573,4.6%,2026-04-23 15:00:00,189.5573,4.6%
2026-04-23 10:00:00,194.5844,2026-04-23 15:15:00,190.8966,1.9%,2026-04-23 15:15:00,190.8966,1.9%,2026-04-23 15:15:00,190.8966,1.9%
2026-04-23 10:15:00,193.5791,2026-04-23 15:15:00,190.8966,1.4%,2026-04-23 15:15:00,190.8966,1.4%,2026-04-23 15:15:00,190.8966,1.4%
2026-04-23 10:30:00,193.3854,2026-04-23 15:15:00,190.8966,1.3%,2026-04-23 15:15:00,190.8966,1.3%,2026-04-23 15:15:00,190.8966,1.3%
2026-04-23 10:45:00,190.7206,2026-04-23 15:45:00,192.6425,0.0%,2026-04-23 15:45:00,192.6425,0.0%,2026-04-24 10:00:00,164.9123,13.5%
2026-04-23 11:00:00,188.2774,2026-04-23 15:45:00,192.6425,0.0%,2026-04-23 15:45:00,192.6425,0.0%,2026-04-24 10:15:00,163.2246,13.3%
2026-04-23 11:15:00,186.6885,2026-04-23 16:15:00,190.8686,0.0%,2026-04-23 16:15:00,190.8686,0.0%,2026-04-23 16:15:00,190.8686,0.0%
2026-04-23 11:30:00,186.2413,2026-04-23 16:30:00,188.6543,0.0%,2026-04-23 16:30:00,188.6543,0.0%,2026-04-24 10:45:00,161.7874,13.1%
2026-04-23 11:45:00,183.8847,2026-04-23 16:00:00,192.4369,0.0%,2026-04-23 16:00:00,192.4369,0.0%,2026-04-24 11:00:00,160.7717,12.6%
2026-04-23 12:00:00,181.2212,2026-04-23 16:15:00,190.8686,0.0%,2026-04-23 16:15:00,190.8686,0.0%,2026-04-23 16:15:00,190.8686,0.0%
2026-04-23 12:15:00,180.8109,2026-04-23 16:15:00,190.8686,0.0%,2026-04-23 16:15:00,190.8686,0.0%,2026-04-24 11:30:00,161.731,10.6%
2026-04-23 12:30:00,182.4339,2026-04-23 16:15:00,190.8686,0.0%,2026-04-23 16:15:00,190.8686,0.0%,2026-04-24 11:45:00,162.0842,11.2%
2026-04-23 12:45:00,184.2602,2026-04-23 15:15:00,190.8966,0.0%,2026-04-23 15:15:00,190.8966,0.0%,2026-04-24 12:00:00,162.5873,11.8%
2026-04-23 13:00:00,185.5657,2026-04-23 16:00:00,192.4369,0.0%,2026-04-23 16:00:00,192.4369,0.0%,2026-04-24 12:00:00,162.5873,12.4%
2026-04-23 13:15:00,187.392,2026-04-23 16:00:00,192.4369,0.0%,2026-04-23 16:00:00,192.4369,0.0%,2026-04-24 12:30:00,163.0781,13.0%
2026-04-23 13:30:00,189.9242,2026-04-23 16:00:00,192.4369,0.0%,2026-04-23 16:00:00,192.4369,0.0%,2026-04-24 12:45:00,159.4743,16.0%
2026-04-23 13:45:00,190.9404,2026-04-23 16:15:00,190.8686,0.0%,2026-04-23 16:15:00,190.8686,0.0%,2026-04-24 13:00:00,155.1288,18.8%
2026-04-23 14:00:00,191.7538,2026-04-23 14:45:00,189.3834,1.2%,2026-04-23 14:45:00,189.3834,1.2%,2026-04-24 13:15:00,150.8417,21.3%
2026-04-23 14:15:00,191.4313,2026-04-23 15:00:00,189.5573,1.0%,2026-04-23 15:00:00,189.5573,1.0%,2026-04-24 11:30:00,161.731,15.5%
2026-04-23 14:30:00,190.9717,2026-04-23 15:00:00,189.5573,0.7%,2026-04-23 15:00:00,189.5573,0.7%,2026-04-24 13:45:00,149.7806,21.6%
2026-04-23 14:45:00,189.3834,2026-04-23 15:00:00,189.5573,0.0%,2026-04-23 15:00:00,189.5573,0.0%,2026-04-24 12:45:00,159.4743,15.8%
2026-04-23 15:00:00,189.5573,2026-04-23 15:15:00,190.8966,0.0%,2026-04-23 15:15:00,190.8966,0.0%,2026-04-24 13:15:00,150.8417,20.4%
2026-04-23 15:15:00,190.8966,2026-04-23 16:00:00,192.4369,0.0%,2026-04-23 16:00:00,192.4369,0.0%,2026-04-24 14:30:00,152.9024,19.9%
2026-04-23 15:30:00,192.7871,2026-04-23 16:00:00,192.4369,0.2%,2026-04-23 16:00:00,192.4369,0.2%,2026-04-24 13:00:00,155.1288,19.5%
2026-04-23 15:45:00,192.6425,2026-04-23 15:45:00,192.6425,0.0%,2026-04-23 15:45:00,192.6425,0.0%,2026-04-24 13:15:00,150.8417,21.7%
2026-04-23 16:00:00,192.4369,2026-04-23 16:00:00,192.4369,0.0%,2026-04-23 16:00:00,192.4369,0.0%,2026-04-24 14:15:00,151.917,21.1%
2026-04-23 16:15:00,190.8686,2026-04-23 16:15:00,190.8686,0.0%,2026-04-23 16:15:00,190.8686,0.0%,2026-04-24 12:30:00,163.0781,14.6%
2026-04-23 16:30:00,188.6543,2026-04-23 16:30:00,188.6543,0.0%,2026-04-23 16:30:00,188.6543,0.0%,2026-04-24 14:00:00,150.7256,20.1%
2026-04-23 16:45:00,185.1723,2026-04-23 16:45:00,185.1723,0.0%,2026-04-23 16:45:00,185.1723,0.0%,2026-04-24 12:45:00,159.4743,13.9%
2026-04-23 17:00:00,185.1495,2026-04-23 17:00:00,185.1495,0.0%,2026-04-23 17:00:00,185.1495,0.0%,2026-04-24 16:15:00,146.9811,20.6%
2026-04-23 17:15:00,189.5361,2026-04-23 17:15:00,189.5361,0.0%,2026-04-23 17:15:00,189.5361,0.0%,2026-04-24 16:30:00,147.0792,22.4%
2026-04-23 17:30:00,200.6225,2026-04-23 17:30:00,200.6225,0.0%,2026-04-23 17:30:00,200.6225,0.0%,2026-04-24 16:45:00,147.1554,26.7%
2026-04-23 17:45:00,216.4628,2026-04-23 17:45:00,216.4628,0.0%,2026-04-23 17:45:00,216.4628,0.0%,2026-04-24 15:15:00,148.6349,31.3%
2026-04-23 18:00:00,235.9337,2026-04-23 18:00:00,235.9337,0.0%,2026-04-23 18:00:00,235.9337,0.0%,2026-04-24 16:15:00,146.9811,37.7%
2026-04-23 18:15:00,262.1429,2026-04-23 18:15:00,262.1429,0.0%,2026-04-23 18:15:00,262.1429,0.0%,2026-04-24 16:30:00,147.0792,43.9%
2026-04-23 18:30:00,293.9921,2026-04-23 18:30:00,293.9921,0.0%,2026-04-23 18:30:00,293.9921,0.0%,2026-04-24 16:15:00,146.9811,50.0%
2026-04-23 18:45:00,319.9018,2026-04-23 18:45:00,319.9018,0.0%,2026-04-23 18:45:00,319.9018,0.0%,2026-04-24 13:15:00,150.8417,52.8%
2026-04-23 19:00:00,333.9364,2026-04-23 19:00:00,333.9364,0.0%,2026-04-24 07:00:00,288.7073,13.5%,2026-04-24 16:15:00,146.9811,56.0%
2026-04-23 19:15:00,332.9571,2026-04-23 19:15:00,332.9571,0.0%,2026-04-24 07:15:00,252.2535,24.2%,2026-04-24 16:30:00,147.0792,55.8%
2026-04-23 19:30:00,328.4101,2026-04-23 19:30:00,328.4101,0.0%,2026-04-24 07:30:00,234.3272,28.6%,2026-04-24 16:30:00,147.0792,55.2%
2026-04-23 19:45:00,322.1117,2026-04-23 20:00:00,315.9465,1.9%,2026-04-24 07:45:00,230.3607,28.5%,2026-04-24 16:15:00,146.9811,54.4%
2026-04-23 20:00:00,315.9465,2026-04-23 20:00:00,315.9465,0.0%,2026-04-24 08:00:00,227.1285,28.1%,2026-04-24 16:15:00,146.9811,53.5%
2026-04-23 20:15:00,312.2194,2026-04-23 20:15:00,312.2194,0.0%,2026-04-24 08:15:00,220.2543,29.5%,2026-04-24 16:15:00,146.9811,52.9%
2026-04-23 20:30:00,307.0642,2026-04-23 20:30:00,307.0642,0.0%,2026-04-24 08:30:00,210.859,31.3%,2026-04-24 15:30:00,146.4383,52.3%
2026-04-23 20:45:00,302.025,2026-04-23 20:45:00,302.025,0.0%,2026-04-24 08:45:00,199.3944,34.0%,2026-04-24 16:00:00,146.3748,51.5%
2026-04-23 21:00:00,299.3351,2026-04-23 21:00:00,299.3351,0.0%,2026-04-24 09:00:00,190.5597,36.3%,2026-04-24 12:30:00,163.0781,45.5%
2026-04-23 21:15:00,301.2066,2026-04-23 21:15:00,301.2066,0.0%,2026-04-24 09:15:00,182.5598,39.4%,2026-04-24 12:30:00,163.0781,45.9%
2026-04-23 21:30:00,306.4899,2026-04-23 21:30:00,306.4899,0.0%,2026-04-24 09:30:00,175.2895,42.8%,2026-04-24 15:15:00,148.6349,51.5%
2026-04-23 21:45:00,310.56,2026-04-23 21:45:00,310.56,0.0%,2026-04-24 09:45:00,168.6012,45.7%,2026-04-24 15:00:00,151.4463,51.2%
2026-04-23 22:00:00,310.5952,2026-04-23 22:00:00,310.5952,0.0%,2026-04-24 10:00:00,164.9123,46.9%,2026-04-24 15:45:00,145.8239,53.1%
2026-04-23 22:15:00,312.8097,2026-04-23 22:15:00,312.8097,0.0%,2026-04-24 10:15:00,163.2246,47.8%,2026-04-24 15:45:00,145.8239,53.4%
2026-04-23 22:30:00,319.0162,2026-04-23 22:30:00,319.0162,0.0%,2026-04-24 10:30:00,162.8436,49.0%,2026-04-24 16:00:00,146.3748,54.1%
2026-04-23 22:45:00,330.5789,2026-04-23 22:45:00,330.5789,0.0%,2026-04-24 10:45:00,161.7874,51.1%,2026-04-24 16:15:00,146.9811,55.5%
2026-04-23 23:00:00,339.7315,2026-04-23 23:00:00,339.7315,0.0%,2026-04-24 11:00:00,160.7717,52.7%,2026-04-24 16:15:00,146.9811,56.7%
2026-04-23 23:15:00,345.8002,2026-04-23 23:15:00,345.8002,0.0%,2026-04-24 11:15:00,160.9005,53.5%,2026-04-24 13:45:00,149.7806,56.7%
2026-04-23 23:30:00,353.0642,2026-04-23 23:30:00,353.0642,0.0%,2026-04-24 11:30:00,161.731,54.2%,2026-04-24 12:00:00,162.5873,53.9%
2026-04-23 23:45:00,359.0042,2026-04-23 23:45:00,359.0042,0.0%,2026-04-24 11:45:00,162.0842,54.9%,2026-04-24 14:15:00,151.917,57.7%
